,total_ins,total_uops,cycles,cycles:k,ipc,cpi,instructions,branch_miss,branch_misses,branch_instructions,l1i_cache_mpki,l1d_cache_mpki,l1d_cache_misses,l1d_cache,l1i_cache_load_misses,l1d_cache_miss,l1i_cache_loads,l1i_cache_load_miss,l2_cache_misses,l2_cache,l2_cache_miss,l3_cache_misses,l3_cache,l3_cache_miss,dtlb_misses,dtlb,dtlb_miss,itlb_misses,itlb,itlb_miss,stlb,stlb_misses,stlb_miss,load,store,br,fp,int,vector,other,syscall_rate,loads,stores,fps,ints,vector_uops,others
oltp_delete.lua_threads64,36738286236.0,0.0,111923585812.0,0.0,0.3282443639512224,3.046510800558944,36738286236.0,0.08622909747932576,713423622.0,8273583313.0,59.64140014383441,634.2113535815504,1013057662.0,15844139563.0,2191122830.0,0.06393895092705074,23299838242.0,0.09404025930318731,623891488.0,7652802987.0,0.08152457198490794,0.0,0.0,,620115832.0,0.0,inf,301632491.0,0.0,inf,0.0,0.0,0.0,0.3008147931290999,0.1397727477273608,0.2252033004439026,0.0005408029615853744,0.6605729608644448,0.0006810172864155917,0.0,0.0,11051419974.0,5135011214.0,19868174.0,24268318516.0,25019408.0,0.0
oltp_update_non_index.lua_threads128,54201733189.0,0.0,173383715908.0,0.0,0.3126114404986005,3.1988592560945532,54201733189.0,0.09270468685648124,1145874321.0,12360478848.0,63.52280499950417,655.5099707440834,1454609830.0,23517947921.0,3443046128.0,0.061851052433921236,35529776537.0,0.0969059325328005,962616092.0,11637241898.0,0.08271857717123136,0.0,0.0,,909851604.0,0.0,inf,468097708.0,0.0,inf,0.0,0.0,0.0,0.3046416730148227,0.14210283435296367,0.22804582290568715,0.0005526128637908343,0.6660495384920005,0.0008981080333770432,0.0,0.0,16512106679.0,7702219913.0,29952575.0,36101039376.0,48679012.0,0.0
oltp_point_select.lua_threads64,127827111068.0,0.0,836492125138.0,0.0,0.15281328685181797,6.543933584582167,127827111068.0,0.1766323576134686,5474267251.0,30992437201.0,112.61403521309533,830.947251248568,4800459906.0,67350321745.0,14395126787.0,0.07127597584723312,106217586577.0,0.13552489047154714,1409233770.0,43665878074.0,0.03227311191616918,0.0,0.0,,3091515980.0,0.0,inf,2321520426.0,0.0,inf,0.0,0.0,0.0,0.401347516284776,0.18040966528401117,0.24245589955101934,0.0009275547261404217,0.4463538040036588,0.0005566152000583833,0.0,0.0,51303093541.0,23061246322.0,118566641.0,57056117280.0,71150513.0,0.0
oltp_write_only.lua_threads64,97318087245.0,0.0,271724307632.0,0.0,0.35815009740239817,2.792125444758581,97318087245.0,0.08185333817422216,1772206559.0,21650999196.0,54.43538839458825,597.1218069535744,2435115949.0,39935692200.0,5297547877.0,0.060975929421851864,58110752105.0,0.09116295496275612,1417374621.0,18697339423.0,0.07580621974784589,0.0,0.0,,1391700467.0,0.0,inf,752188796.0,0.0,inf,0.0,0.0,0.0,0.28934173131774854,0.12836167745006527,0.22247662083095845,0.00031594194738532235,0.644438049199556,0.000671320407639399,0.0,0.0,28158183852.0,12491912925.0,30746866.0,62715478296.0,65331618.0,0.0
oltp_update_non_index.lua_threads64,34861557730.0,0.0,107589720745.0,0.0,0.32402312682478185,3.0861994629807956,34861557730.0,0.08951857014491549,705054644.0,7876071332.0,60.97525493448453,647.3973809431378,922851139.0,15034446191.0,2125692370.0,0.061382449827280104,22569281170.0,0.09418520483610068,598234270.0,7220478357.0,0.08285244279141601,0.0,0.0,,574066967.0,0.0,inf,283057927.0,0.0,inf,0.0,0.0,0.0,0.2998456383951148,0.14059994619179056,0.22592425137739247,0.0004907718161221707,0.6670887192165639,0.0008585528286432081,0.0,0.0,10453086033.0,4901533141.0,17109070.0,23255751896.0,29930489.0,0.0
oltp_write_only.lua_threads128,110464194643.0,0.0,275778057324.0,0.0,0.4005546913880109,2.496537979707036,110464194643.0,0.06603224394638994,1577246266.0,23886001319.0,44.470445005967306,554.6688312354675,2581325063.0,43914048420.0,4912391893.0,0.05878130475040361,61271045736.0,0.08017476826111536,1407642335.0,18643800844.0,0.0755018972138941,0.0,0.0,,1500552284.0,0.0,inf,709765888.0,0.0,inf,0.0,0.0,0.0,0.27774256469396347,0.12008426924099781,0.21623297391697982,0.0001979961115063991,0.6313924986861772,0.0006579888825958677,0.0,0.0,30680608727.0,13265012091.0,21871481.0,69746263871.0,72684212.0,0.0
select_random_ranges.lua_threads64,506064414440.0,0.0,875428400413.0,0.0,0.5780763043571062,1.7298754376589198,506064414440.0,0.04378094264147067,4640771852.0,105999815719.0,19.303586010508184,475.69042335329317,11427004070.0,241022642006.0,9768857951.0,0.04741050041977192,240729995549.0,0.040580144276252325,3939130607.0,50640104908.0,0.0777867781703135,0.0,0.0,,5347958747.0,0.0,inf,1978094119.0,0.0,inf,0.0,0.0,0.0,0.31645494922067335,0.14370076250169148,0.20945913740308555,0.0005842165573470747,0.4834197319479874,0.000777086334819982,0.0,0.0,160146588574.0,72721842230.0,295651210.0,244641523577.0,393255741.0,0.0
oltp_read_only.lua_threads64,311627829330.0,0.0,704145109189.0,0.0,0.44256194534805154,2.259570689507777,311627829330.0,0.07800255388327662,5180089422.0,66409228469.0,40.43015764698617,548.2344992143902,6406616547.0,153548469642.0,12599162267.0,0.0417237407962261,170845126954.0,0.07374610263477004,3829230304.0,44956280687.0,0.0851767594089984,0.0,0.0,,4106171865.0,0.0,inf,1918457379.0,0.0,inf,0.0,0.0,0.0,0.3356293766120686,0.14619714155167748,0.21310429370759304,0.0007402522248926515,0.5267752056577854,0.0006269034970978855,0.0,0.0,104591454093.0,45559097876.0,230683194.0,164157813884.0,195360576.0,0.0
oltp_update_index.lua_threads64,121819441569.0,0.0,178812107484.0,0.0,0.6812706548962314,1.467845404485118,121819441569.0,0.03466633874040819,845950773.0,24402656979.0,21.136984268160088,449.04347102934304,1591414152.0,42905384116.0,2574895620.0,0.037091245884139284,54702224881.0,0.04707113148690871,792720321.0,10485163935.0,0.07560399874663476,0.0,0.0,,863250983.0,0.0,inf,350917474.0,0.0,inf,0.0,0.0,0.0,0.24572157602647696,0.09952267957272597,0.20031824694564898,8.909878308588522e-05,0.6038739497942346,0.0002617397977640536,0.0,0.0,29933665173.0,12123797249.0,10853964.0,73563587342.0,31884996.0,0.0
oltp_insert.lua_threads128,66438147771.0,0.0,157460222044.0,0.0,0.42193607317811865,2.3700272708796195,66438147771.0,0.06206671456624306,943975611.0,15209047516.0,43.065076194807574,564.3112411897345,1412145020.0,22368214477.0,2861163896.0,0.06313177216053747,37491793631.0,0.07631440427097234,803508071.0,10233168170.0,0.07851997129839018,0.0,0.0,,804947259.0,0.0,inf,360935477.0,0.0,inf,0.0,0.0,0.0,0.23488606435551015,0.10824560196633179,0.22892040230294758,1.5626037673090507e-05,0.7015921391226106,7.797047590572873e-05,0.0,0.0,15605395053.0,7191637299.0,1038165.0,46612482214.0,5180214.0,0.0
oltp_point_select.lua_threads128,65606107984.0,0.0,442792448888.0,0.0,0.14816446881323042,6.749256471607615,65606107984.0,0.17801241083942976,2742644714.0,15407042133.0,108.87441796946698,776.5264102455891,2384674399.0,33475095065.0,7142826822.0,0.07123727040564269,50944875523.0,0.14020697368816298,142164437.0,21043912947.0,0.006755608491540868,0.0,0.0,,1554884109.0,0.0,inf,1162063986.0,0.0,inf,0.0,0.0,0.0,0.3839475958266441,0.17097293678411113,0.2348415811643249,0.0009592180962075587,0.49592265870938057,0.0005785817230501969,0.0,0.0,25189307432.0,11216868953.0,62930566.0,32535555499.0,37958495.0,0.0
oltp_delete.lua_threads128,38071673966.0,0.0,123017354316.0,0.0,0.3094821391476494,3.2312042392950975,38071673966.0,0.09245065488271668,803678963.0,8693058627.0,64.41895271508798,658.4508257605728,1099171708.0,16554984893.0,2452537365.0,0.06639521057278443,25068325161.0,0.09783411333819503,681456128.0,8478918861.0,0.08037063913118156,0.0,0.0,,668768890.0,0.0,inf,334132745.0,0.0,inf,0.0,0.0,0.0,0.3039179532881378,0.14180302756903473,0.2283340268873745,0.0006329142769377329,0.6665638594368919,0.0007721537021527665,0.0,0.0,11570665230.0,5398678633.0,24096106.0,25377201934.0,29397184.0,0.0
select_random_points.lua_threads64,321642666613.0,0.0,663140499440.0,0.0,0.4850294423046345,2.0617305111385913,321642666613.0,0.05235491378400459,3389856935.0,64747636659.0,25.44525174219909,491.6458005593733,7899727131.0,146367197777.0,8184278623.0,0.05397197767655394,158134266321.0,0.05175525085996582,3463376519.0,38874305687.0,0.08909166241799121,0.0,0.0,,3542008525.0,0.0,inf,1845972486.0,0.0,inf,0.0,0.0,0.0,0.29276861831052237,0.1491492386665254,0.20130300914618476,0.000630210211644251,0.5332122001816169,0.0005567273331167021,0.0,0.0,94166879094.0,47972758848.0,202702493.0,171503793937.0,179067264.0,0.0
select_random_ranges.lua_threads128,400841494201.0,0.0,618018041339.0,0.0,0.648591897628968,1.5418015606665159,400841494201.0,0.041494643000520276,3451859842.0,83188083868.0,18.98702680013364,459.99404001458294,8840255752.0,189458899445.0,7610788193.0,0.04666054631319301,184384698323.0,0.041276680018575256,1939342596.0,38400226412.0,0.050503415661996176,0.0,0.0,,4135935672.0,0.0,inf,1499465294.0,0.0,inf,0.0,0.0,0.0,0.3099992872985603,0.14181248499561697,0.2075336138386056,0.0005842779462411647,0.47537129842014403,0.0007984016540950256,0.0,0.0,124260577522.0,56844328382.0,234202845.0,190548541559.0,320032512.0,0.0
oltp_update_index.lua_threads128,140485960185.0,0.0,267864212672.0,0.0,0.5244670752528827,1.906697383277738,140485960185.0,0.038007719436354816,1122907007.0,29544182699.0,24.73057412587595,485.71675334775375,2601942951.0,51254856927.0,3474298452.0,0.05076480761044423,68236384472.0,0.050915629233340136,1304588424.0,16449438137.0,0.07930899603589299,0.0,0.0,,1475980964.0,0.0,inf,497270641.0,0.0,inf,0.0,0.0,0.0,0.25392728471246134,0.1024212331755577,0.21029989516457387,9.822038431334511e-05,0.6200018770010872,0.00036396269728780655,0.0,0.0,35673218410.0,14388745286.0,13798585.0,87101559007.0,51131649.0,0.0
oltp_read_only.lua_threads128,369714777739.0,0.0,735772978759.0,0.0,0.5024848539050506,1.9901097361015379,369714777739.0,0.0781790428554979,6065701021.0,77587302165.0,39.129522196737305,529.4781808781087,7481686305.0,179579425735.0,14466762602.0,0.04166226879487019,195755907961.0,0.07390204848827439,2862681182.0,50966891574.0,0.05616746663554334,0.0,0.0,,4875308734.0,0.0,inf,2211904754.0,0.0,inf,0.0,0.0,0.0,0.328899176196421,0.14307863433131018,0.20985718406899256,0.0007012439550983398,0.5155714764898149,0.000585972530838188,0.0,0.0,121598885826.0,52898285491.0,259260253.0,190614393839.0,216642704.0,0.0
oltp_insert.lua_threads64,63364456759.0,0.0,152812648139.0,0.0,0.41465452978318273,2.411646149200122,63364456759.0,0.06726928051702268,985043482.0,14643288503.0,44.69074447794083,579.752229403943,1386807372.0,21733297666.0,2831804746.0,0.06381025987462312,36735685071.0,0.0770859381151297,803613875.0,10111439239.0,0.07947571616713545,0.0,0.0,,785000200.0,0.0,inf,362153571.0,0.0,inf,0.0,0.0,0.0,0.2422786028986115,0.11184467325198677,0.23109625256781097,1.5310412960531003e-05,0.704264826900163,8.989367685521832e-05,0.0,0.0,15351852057.0,7086976962.0,970136.0,44625358171.0,5696064.0,0.0
select_random_points.lua_threads128,195121259513.0,0.0,372357238774.0,0.0,0.5240162918691845,1.9083376137657189,195121259513.0,0.05210106713152387,2040928773.0,39172494641.0,24.974332910532148,483.91112137480417,4756099070.0,88260614703.0,4873023293.0,0.05388699235785335,94421347495.0,0.051609338590068804,1468445524.0,22864198697.0,0.06422466597058894,0.0,0.0,,2124366443.0,0.0,inf,1108817912.0,0.0,inf,0.0,0.0,0.0,0.29025571739007083,0.14815089792957203,0.20075974672759903,0.0006258150613868112,0.5292682495580114,0.0006178385497351102,0.0,0.0,56635061158.0,28907389802.0,122109823.0,103271487474.0,120553436.0,0.0
oltp_read_write.lua_threads128,193988402002.0,0.0,486240775939.0,0.0,0.39895543854252213,2.5065456023189827,193988402002.0,0.0815867666220657,3432550408.0,42072391763.0,46.0068084271759,570.1841280637985,4393595530.0,89956896194.0,8924787248.0,0.04884111964606719,110609107850.0,0.08068763433209447,2897946427.0,32157215410.0,0.09011807739107967,0.0,0.0,,2739548676.0,0.0,inf,1307871329.0,0.0,inf,0.0,0.0,0.0,0.3191558195286422,0.1407112534166789,0.21688096468038454,0.0005763653076478627,0.5723302148076633,0.0006401635650296231,0.0,0.0,61912527420.0,27296351194.0,111808185.0,111025423788.0,124184307.0,0.0
oltp_read_write.lua_threads64,222633933979.0,0.0,538292489888.0,0.0,0.41359286663152667,2.4178366714697437,222633933979.0,0.08254817308885148,3960070936.0,47972847706.0,45.71166792102746,567.6326364332235,4909490860.0,103488036866.0,10176968458.0,0.04744017771210583,126374286904.0,0.08053037296844187,3092921046.0,36137260186.0,0.0855881444824706,0.0,0.0,,3089304928.0,0.0,inf,1494009785.0,0.0,inf,0.0,0.0,0.0,0.31961732916560676,0.14034918810690977,0.21547859685453455,0.0005821651698982486,0.5679909975310763,0.0006284460257221945,0.0,0.0,71157663360.0,31246491879.0,129609722.0,126454070245.0,139913411.0,0.0
